Cohort,U_statistic,P_value,Effect_size,Feature
inter_test,14403.0,0.21769815229366096,-0.08611718573259936,Functional Connectivity
exter_test,11814.0,0.18260335734332478,-0.10123042505592841,Functional Connectivity
high_test,9062.0,0.4167289250816496,0.06432627774909654,Functional Connectivity
