Cohort,U_statistic,P_value,Effect_size,Feature
inter_test,19582.0,0.7943988349822051,-0.016375574183167676,Cortical Thickness
exter_test,12810.0,0.0018186114775658308,0.20913721253279827,Cortical Thickness
high_test,12446.0,0.29266759579880974,0.07598648799138795,Cortical Thickness
inter_test,18932.0,0.7823009961008509,0.017361741883580306,Cortical Volume
exter_test,16553.0,0.7437865906147483,-0.021947831455471523,Cortical Volume
high_test,13578.0,0.9115434310964134,-0.00805523590333717,Cortical Volume
inter_test,18863.0,0.7388277486571877,0.020943087742973557,Cortical Surface Area
exter_test,15561.0,0.5581742931050018,0.03929618768328446,Cortical Surface Area
high_test,12453.0,0.2959826479376919,0.07546679535246298,Cortical Surface Area
