Cohort,U_statistic,P_value,Effect_size,Feature
inter_test,17960.0,0.27993407122896485,0.06781200529416344,Cortical Thickness
exter_test,12637.0,0.0010467975956793495,0.21981787312856924,Cortical Thickness
high_test,10651.0,0.003747406916655221,0.2092505289728646,Cortical Thickness
inter_test,18822.0,0.7133759797151156,0.02307113383333766,Cortical Volume
exter_test,15507.0,0.5252507560635311,0.04263003549930545,Cortical Volume
high_test,13312.0,0.8717037214180734,0.01169308437581202,Cortical Volume
inter_test,19130.0,0.9104156937570153,0.007084836374017077,Cortical Surface Area
exter_test,16247.0,0.964016801974592,-0.0030560271646859084,Cortical Surface Area
high_test,13374.0,0.9221548148683074,0.007090092431047923,Cortical Surface Area
