Cohort,U_statistic,P_value,Effect_size,Feature
inter_test,13057.0,0.8260630423042514,0.01538345524470251,Functional Connectivity
exter_test,10458.0,0.7407250346960612,0.025167785234899327,Functional Connectivity
high_test,7679.0,0.00888723522692684,0.2071244192049561,Functional Connectivity
