Cohort,U_statistic,P_value,Feature
inter_test,19582.0,0.7943988349822051,Cortical Thickness
exter_test,12810.0,0.0018186114775658308,Cortical Thickness
high_test,12446.0,0.29266759579880974,Cortical Thickness
inter_test,18932.0,0.7823009961008509,Cortical Volume
exter_test,16553.0,0.7437865906147483,Cortical Volume
high_test,13578.0,0.9115434310964134,Cortical Volume
inter_test,18863.0,0.7388277486571877,Cortical Surface Area
exter_test,15561.0,0.5581742931050018,Cortical Surface Area
high_test,12453.0,0.2959826479376919,Cortical Surface Area
