Cohort,U_statistic,P_value,Effect_size,Feature
inter_test,82191.0,0.3069434563098731,-0.04275510333540554,Functional Connectivity
exter_test,25843.0,0.5614691574779871,-0.03239852988175136,Functional Connectivity
high_test,20605.0,0.4292486486452831,0.046285582041194165,Functional Connectivity
