Cohort,U_statistic,P_value,Feature
inter_test,104556.0,0.05118100324613707,Cortical Thickness
exter_test,32504.0,0.0027317032909963466,Cortical Thickness
high_test,28723.0,0.059464697549453424,Cortical Thickness
inter_test,110124.0,0.5026263839617457,Cortical Volume
exter_test,39604.0,0.4570949716846944,Cortical Volume
high_test,31520.0,0.8285927725724404,Cortical Volume
inter_test,108361.0,0.28214087392596954,Cortical Surface Area
exter_test,37675.0,0.7855340528455447,Cortical Surface Area
high_test,29009.0,0.08649919891339289,Cortical Surface Area
