Cohort,U_statistic,P_value,Effect_size,Feature
inter_test,75025.0,0.24980511579593445,0.048159754380177874,Functional Connectivity
exter_test,22925.0,0.13126181701429784,0.08417225950782997,Functional Connectivity
high_test,18481.0,0.013500232452934954,0.1445961582966906,Functional Connectivity
