Cohort,U_statistic,P_value,Feature
inter_test,99987.0,0.0027000414697988633,Cortical Thickness
exter_test,31699.0,0.000624996703901187,Cortical Thickness
high_test,27417.0,0.0077288986922489575,Cortical Thickness
inter_test,108403.0,0.28648225226046553,Cortical Volume
exter_test,38162.0,0.9875998824391944,Cortical Volume
high_test,31852.0,0.9852483090523284,Cortical Volume
inter_test,110283.0,0.5261964312184275,Cortical Surface Area
exter_test,38570.0,0.842354087937,Cortical Surface Area
high_test,32670.0,0.6392128026899808,Cortical Surface Area
