Cohort,U_statistic,P_value,Feature
inter_test,98451.0,0.0007995101621348184,Cortical Thickness
exter_test,31644.0,0.000561616369860478,Cortical Thickness
high_test,27805.0,0.01500446370651836,Cortical Thickness
inter_test,108403.0,0.28648225226046553,Cortical Volume
exter_test,38162.0,0.9875998824391944,Cortical Volume
high_test,31852.0,0.9852483090523284,Cortical Volume
inter_test,110283.0,0.5261964312184275,Cortical Surface Area
exter_test,38570.0,0.842354087937,Cortical Surface Area
high_test,32670.0,0.6392128026899808,Cortical Surface Area
