Cohort,U_statistic,P_value,Effect_size,Feature
inter_test,99987.0,0.0027000414697988633,0.11548413635700164,Cortical Thickness
exter_test,31699.0,0.000624996703901187,0.17000942605781316,Cortical Thickness
high_test,27417.0,0.0077288986922489575,0.14008813336051562,Cortical Thickness
inter_test,108403.0,0.28648225226046553,0.041033602703431926,Cortical Volume
exter_test,38162.0,0.9875998824391944,0.0007855048177628823,Cortical Volume
high_test,31852.0,0.9852483090523284,0.0009879718349616574,Cortical Volume
inter_test,110283.0,0.5261964312184275,0.024402542429107894,Cortical Surface Area
exter_test,38570.0,0.842354087937,-0.009897360703812317,Cortical Surface Area
high_test,32670.0,0.6392128026899808,-0.024667931688804556,Cortical Surface Area
