Cohort,U_statistic,P_value,Feature
inter_test,105640.0,0.08897260793873973,Cortical Thickness
exter_test,33269.0,0.009503641721332307,Cortical Thickness
high_test,30462.0,0.396695649535154,Cortical Thickness
inter_test,112416.0,0.8857904309681305,Cortical Volume
exter_test,39448.0,0.5083228860365275,Cortical Volume
high_test,32541.0,0.6951621730698402,Cortical Volume
inter_test,109102.0,0.3653428000265988,Cortical Surface Area
exter_test,39115.0,0.6269581888416857,Cortical Surface Area
high_test,29532.0,0.16084834068182496,Cortical Surface Area
